name,team,year,position,measurements,weight,mock_draft,big_board,age_at_draft,birthdate,nation,hometown,high_school,espn_100,strengths,weaknesses,max_vert,lane_agil,shuttle,3_4sprint,reach,wingspan,games,minutes_per_game,fgm_fga,fg_pct,3pm_3pa,3p_pct,ftm_fta,ft_pct,rebounds_pg,assists_pg,blocks_pg,steals_pg,turnovers_pg,personal_fouls_pg,points_pg,games_per36,minutes_per36,fgm_fga_per36,fg_pct_per36,3pm_3pa_per36,3p_pct_per36,ftm_fta_per36,ft_pct_per36,rebounds_per36,assists_per36,blocks_per36,steals_per36,turnovers_per36,personal_fouls_per36,points_per36,ts_per,efg_per,3pa_rate,fta_rate,nba_3p_per,usg_per,ast_per_usg,ast_per_to,per,ows_per_40,dws_per_40,ws_per_40,ortg,drtg,obpm,dbpm,bpm
Cooper Flagg,Duke,Freshman,SF/PF,"6'9""(7'0"" wingspan)",221 lbs,1st|DAL,1st,18.50 yrs,"Dec 21, 2006",USA,"Newport, ME",Montverde AcademyMontverde Academy,#1 |2024,"BPM (4 pluses), Win Shares (4 pluses), Def. BPM (4 pluses), Def. Win Shares (4 pluses), PER (4 pluses), Draft Age (4 pluses), Assists (3 pluses), Off. BPM (3 pluses), Off. Win Shares (3 pluses), AST/TO (3 pluses), Points (3 pluses), Def. Rating (2 pluses), Blocks (2 pluses), Off. Rating (2 pluses), Def. Rebounds (2 pluses), AST%/Usage (2 pluses), FT% (2 pluses), Steals (1 pluses), Rebounds (1 pluses), FTA Rate (1 pluses), Proj NBA 3P% (1 pluses)",,"35.5""",10.64,2.92,3.3,"8'10.5""","7'0""",37,30.7,6.5-13.4,0.481,1.4-3.6,0.385,4.8-5.8,0.84,7.5,4.2,1.4,1.4,2.1,1.9,19.2,37,36.0,7.6-15.8,0.481,1.6-4.3,0.385,5.7-6.8,0.84,8.8,4.9,1.6,1.6,2.5,2.2,22.5,0.593,0.533,0.272,0.429,0.367,30.9,0.87,2.0,30.4,0.18,0.116,0.296,126.3,89.5,9.7,6.7,16.3
Dylan Harper,Rutgers,Freshman,PG/SG,"6'5.75""(6'10.5"" wingspan)",213 lbs,2nd|SA,2nd,19.30 yrs,"Mar 2, 2006",USA,"Franklin Lakes, NJ",Don Bosco PrepDon Bosco Prep,#4 |2024,"2P% (3 pluses), Draft Age (3 pluses), Blocks (2 pluses), FG% (1 pluses), Points (1 pluses), EFG% (1 pluses), Wingspan Ratio (1 pluses), Off. BPM (1 pluses), Def. Rebounds (1 pluses)","Def. Rating (3 minuses), Def. Win Shares (2 minuses), 3P% (1 minuses), AST%/Usage (1 minuses), Assists (1 minuses), Win Shares (1 minuses), FT% (1 minuses)","36.5""",11.07,3.05,3.16,"8'6""","6'10.5""",29,32.6,6.7-13.8,0.484,1.7-5.2,0.333,4.3-5.8,0.75,4.6,4.0,0.6,1.4,2.4,1.9,19.4,29,36.0,7.4-15.3,0.484,1.9-5.7,0.333,4.8-6.4,0.75,5.1,4.5,0.6,1.6,2.7,2.1,21.5,0.587,0.546,0.374,0.419,0.357,29.0,0.93,1.67,24.6,0.127,0.038,0.165,118.1,110.1,7.0,2.1,9.2
V.J. Edgecombe,Baylor,Freshman,SG,"6'5.25""(6'7.5"" wingspan)",193 lbs,3rd|PHI,3rd,19.89 yrs,"Jul 30, 2005",Bahamas,"Bimini, Bahamas",Long Island LutheranLong Island Lutheran,#3 |2024,"Steals (3 pluses), Off. Rebounds (3 pluses), Def. BPM (2 pluses), BPM (2 pluses), Off. BPM (1 pluses), AST/TO (1 pluses), Assists (1 pluses), AST%/Usage (1 pluses), Blocks (1 pluses), Off. Rating (1 pluses), Draft Age (1 pluses)","Fouls (1 minuses), Def. Rating (1 minuses), 3P% (1 minuses), Wingspan Ratio (1 minuses), EFG% (1 minuses)","38.5""",11.27,2.93,3.2,"8'5.5""","6'7.5""",33,32.7,5.0-11.5,0.436,1.6-4.6,0.34,3.4-4.3,0.782,5.6,3.2,0.6,2.1,1.9,2.5,15.0,33,36.0,5.5-12.7,0.436,1.7-5.1,0.34,3.7-4.7,0.782,6.2,3.5,0.7,2.3,2.1,2.8,16.5,0.552,0.504,0.402,0.373,0.359,24.1,0.8,1.66,22.1,0.111,0.067,0.178,119.1,102.5,7.1,4.3,11.4
Ace Bailey,Rutgers,Freshman,SF,"6'8.75""(7'0.5"" wingspan)",203 lbs,5th|UTA,4th,18.85 yrs,"Aug 13, 2006",USA,"Chattanooga, TN",McEachern High SchoolMcEachern HS,#2 |2024,"Draft Age (4 pluses), Blocks (2 pluses), Off. Rebounds (1 pluses), Points (1 pluses)","Def. Rating (4 minuses), Win Shares (2 minuses), Def. Win Shares (2 minuses), Def. BPM (2 minuses), BPM (2 minuses), AST%/Usage (2 minuses), AST/TO (2 minuses), Assists (2 minuses), FTA Rate (2 minuses), Off. Win Shares (1 minuses), FT% (1 minuses), TS% (1 minuses), Off. Rating (1 minuses), Fouls (1 minuses), Off. BPM (1 minuses)","34.5""",10.97,2.78,3.12,"8'11""","7'0.5""",30,33.3,6.8-14.7,0.46,1.6-4.5,0.346,2.5-3.6,0.692,7.2,1.3,1.3,1.0,2.0,2.8,17.6,30,36.0,7.3-15.9,0.46,1.7-4.9,0.346,2.7-3.9,0.692,7.7,1.4,1.4,1.1,2.2,3.0,19.0,0.536,0.514,0.308,0.243,0.346,27.5,0.3,0.62,19.9,0.068,0.044,0.112,108.2,109.1,3.7,0.8,4.5
Kon Knueppel,Duke,Freshman,SG/SF,"6'6.25""(6'6.25"" wingspan)",219 lbs,4th|CHA,5th,19.88 yrs,"Aug 3, 2005",USA,"Milwaukee, WI",Wisconsin LutheranWisconsin Lutheran,#18 |2024,"Off. Rating (4 pluses), FT% (3 pluses), TS% (3 pluses), AST/TO (2 pluses), Win Shares (2 pluses), Proj NBA 3P% (2 pluses), 2P% (2 pluses), EFG% (2 pluses), Off. Win Shares (2 pluses), Turnovers (2 pluses), Def. BPM (1 pluses), BPM (1 pluses), Def. Win Shares (1 pluses), Off. BPM (1 pluses), FG% (1 pluses), 3P% (1 pluses), Draft Age (1 pluses)","Wingspan Ratio (3 minuses), Blocks (2 minuses), Def. Rebounds (1 minuses)",,,,,"8'5.5""","6'6.25""",39,30.5,4.6-9.7,0.479,2.2-5.3,0.406,3.0-3.3,0.914,4.0,2.7,0.2,1.0,1.4,2.1,14.4,39,36.0,5.5-11.4,0.479,2.5-6.3,0.406,3.5-3.9,0.914,4.7,3.2,0.2,1.2,1.6,2.5,17.0,0.642,0.59,0.548,0.339,0.392,21.4,0.73,2.02,21.3,0.151,0.081,0.232,133.7,98.8,6.9,3.9,10.8
Khaman Maluach,Duke,Freshman,C,"7'2""(7'6.75"" wingspan)",253 lbs,9th|TOR,6th,18.76 yrs,"Sep 14, 2006",South Sudan,"Kawempe, Uganda",NBA Academy AfricaNBA Academy Africa,,"Off. Rating (4 pluses), TS% (4 pluses), 2P% (4 pluses), EFG% (4 pluses), FG% (4 pluses), Draft Age (4 pluses), Turnovers (3 pluses), Off. Rebounds (2 pluses), Off. Win Shares (2 pluses), Win Shares (2 pluses), FT% (2 pluses), Off. BPM (1 pluses)","Steals (3 minuses), Assists (1 minuses), Points (1 minuses), FTA Rate (1 minuses), AST%/Usage (1 minuses)","30.0""",12.05,3.44,3.5,"9'6""","7'6.75""",39,21.2,3.5-4.9,0.712,0.1-0.4,0.25,1.5-2.0,0.766,6.6,0.5,1.3,0.2,0.8,2.1,8.6,39,36.0,5.9-8.3,0.712,0.2-0.7,0.25,2.6-3.3,0.766,11.2,0.9,2.2,0.3,1.3,3.5,14.6,0.736,0.723,0.084,0.403,0.325,16.1,0.27,0.67,25.5,0.164,0.097,0.261,147.3,94.3,6.2,3.6,9.9
Tre Johnson,Texas,Freshman,SG,"6'6""(6'10.25"" wingspan)",190 lbs,6th|WAS,7th,19.29 yrs,"Mar 7, 2006",USA,"Dallas, TX",Link AcademyLink Academy,#5 |2024,"Draft Age (3 pluses), FT% (2 pluses), Proj NBA 3P% (2 pluses), Points (2 pluses), Off. BPM (1 pluses), Turnovers (1 pluses)","Def. Rating (4 minuses), Off. Rebounds (3 minuses), Rebounds (2 minuses), Def. Win Shares (2 minuses), Def. Rebounds (2 minuses), 2P% (2 minuses), Def. BPM (1 minuses), Steals (1 minuses), FTA Rate (1 minuses), FG% (1 minuses), Win Shares (1 minuses), Blocks (1 minuses)","37.5""",10.49,3.11,3.28,"8'5""","6'10.25""",33,34.7,6.8-15.9,0.427,2.7-6.8,0.397,3.7-4.2,0.871,3.1,2.7,0.3,0.9,1.8,2.1,19.9,33,36.0,7.0-16.5,0.427,2.8-7.0,0.397,3.8-4.4,0.871,3.2,2.8,0.3,1.0,1.9,2.2,20.7,0.557,0.511,0.427,0.265,0.39,29.1,0.57,1.5,19.7,0.105,0.038,0.147,115.1,109.9,6.5,1.2,7.7
Derik Queen,Maryland,Freshman,C,"6'10.5""(7'0.5"" wingspan)",248 lbs,12th|CHI,8th,20.48 yrs,"Dec 27, 2004",USA,"Baltimore, MD",Montverde AcademyMontverde Academy,#8 |2024,"Steals (2 pluses), FT% (2 pluses), Assists (1 pluses), Fouls (1 pluses), Points (1 pluses), Def. Win Shares (1 pluses), Def. Rebounds (1 pluses)","Blocks (2 minuses), EFG% (1 minuses), Off. Rebounds (1 minuses), FG% (1 minuses), Wingspan Ratio (1 minuses), Turnovers (1 minuses), 2P% (1 minuses)","28.0""",12.45,3.27,3.52,"9'1.5""","7'0.5""",36,30.4,5.8-11.1,0.526,0.2-1.0,0.2,4.6-6.1,0.766,9.0,1.9,1.1,1.1,2.4,2.1,16.5,36,36.0,6.9-13.1,0.526,0.2-1.2,0.2,5.5-7.2,0.766,10.6,2.2,1.3,1.3,2.8,2.5,19.6,0.591,0.535,0.088,0.546,0.324,26.6,0.44,0.79,24.7,0.113,0.102,0.216,117.0,92.4,5.1,4.2,9.2
Jeremiah Fears,Oklahoma,Freshman,PG,"6'3.75""(6'5.25"" wingspan)",180 lbs,7th|NO,9th,18.68 yrs,"Oct 14, 2006",USA,"Joliet, IL",AZ Compass PrepAZ Compass Prep,#40 |2024,"Draft Age (4 pluses), FTA Rate (2 pluses), FT% (1 pluses), Steals (1 pluses), Points (1 pluses)","Turnovers (3 minuses), 3P% (3 minuses), Def. Rating (2 minuses), AST/TO (2 minuses), Win Shares (2 minuses), Off. Win Shares (2 minuses), EFG% (1 minuses), Wingspan Ratio (1 minuses), Off. Rating (1 minuses), BPM (1 minuses), Blocks (1 minuses), AST%/Usage (1 minuses), Def. Win Shares (1 minuses), Off. BPM (1 minuses)","36.5""",10.95,3.09,3.05,"8'2.5""","6'5.25""",34,30.2,5.3-12.2,0.434,1.1-3.9,0.284,5.4-6.3,0.851,4.1,4.1,0.1,1.6,3.4,1.9,17.1,34,36.0,6.3-14.5,0.434,1.3-4.7,0.284,6.4-7.5,0.851,4.9,4.9,0.1,2.0,4.1,2.2,20.4,0.562,0.48,0.323,0.518,0.36,31.5,0.91,1.21,20.7,0.082,0.047,0.132,108.2,107.5,4.2,1.7,5.9
Kasparas Jakucionis,Illinois,Freshman,PG/SG,"6'6""(6'7.75"" wingspan)",205 lbs,8th|BKN,10th,19.06 yrs,"May 29, 2006",Lithuania,"Vilnius, Lithuania",,,"Off. Rebounds (3 pluses), Rebounds (3 pluses), Draft Age (3 pluses), 2P% (2 pluses), Def. Rebounds (2 pluses), FTA Rate (1 pluses), FT% (1 pluses), TS% (1 pluses)","Turnovers (3 minuses), Fouls (3 minuses), PER (2 minuses), Steals (2 minuses), AST/TO (2 minuses), Win Shares (2 minuses), 3P% (2 minuses), Off. Win Shares (2 minuses), Def. Rating (1 minuses), Wingspan Ratio (1 minuses), Off. BPM (1 minuses), BPM (1 minuses)","35.0""",10.99,2.82,3.22,"8'3.5""","6'7.75""",33,31.8,4.5-10.3,0.44,1.6-5.2,0.318,4.3-5.1,0.845,5.7,4.7,0.3,0.9,3.7,2.7,15.0,33,36.0,5.1-11.6,0.44,1.8-5.8,0.318,4.9-5.8,0.845,6.4,5.3,0.3,1.0,4.2,3.0,16.9,0.59,0.519,0.501,0.496,0.369,24.2,1.07,1.27,17.4,0.084,0.057,0.141,112.1,105.2,4.0,2.6,6.6
Jase Richardson,Michigan State,Freshman,SG/PG,"6'1.75""(6'6"" wingspan)",178 lbs,13th|ATL,11th,18.68 yrs,"Oct 16, 2006",USA,"Denver, CO",Christopher Columbus High SchoolChristopher Columbus HS,#25 |2024,"Draft Age (4 pluses), Off. Rating (3 pluses), AST/TO (3 pluses), Def. BPM (3 pluses), Turnovers (3 pluses), TS% (2 pluses), BPM (2 pluses), FG% (2 pluses), EFG% (1 pluses), Win Shares (1 pluses), 2P% (1 pluses), FT% (1 pluses), 3P% (1 pluses), FTA Rate (1 pluses), Off. Win Shares (1 pluses), Off. BPM (1 pluses), Def. Win Shares (1 pluses)",Rebounds (1 minuses),"38.0""",10.97,3.08,3.22,"8'2.5""","6'6""",36,25.3,4.0-8.1,0.493,1.3-3.2,0.412,2.8-3.4,0.836,3.3,1.9,0.3,0.8,0.8,1.5,12.1,36,36.0,5.7-11.5,0.493,1.9-4.5,0.412,4.0-4.8,0.836,4.7,2.7,0.4,1.2,1.2,2.2,17.3,0.624,0.574,0.39,0.418,0.37,20.6,0.7,2.27,20.7,0.136,0.075,0.211,132.0,100.3,6.5,5.1,11.6
Carter Bryant,Arizona,Freshman,SF/PF,"6'7.75""(6'11.75"" wingspan)",215 lbs,10th|HOU,12th,19.56 yrs,"Nov 26, 2005",USA,"Riverside, CA",Centennial High SchoolCentennial HS,#20 |2024,"Blocks (3 pluses), Def. BPM (3 pluses), 2P% (2 pluses), Steals (2 pluses), Draft Age (2 pluses), EFG% (1 pluses), Turnovers (1 pluses)","Fouls (4 minuses), Points (2 minuses), PER (2 minuses), Off. Win Shares (1 minuses), Win Shares (1 minuses), FT% (1 minuses), Off. BPM (1 minuses)","39.5""",11.25,3.14,3.07,"8'10""","6'11.75""",37,19.3,2.2-4.8,0.46,1.1-2.8,0.371,1.1-1.6,0.695,4.1,1.0,1.0,0.9,1.0,2.3,6.5,37,36.0,4.1-8.9,0.46,2.0-5.3,0.371,2.1-3.0,0.695,7.7,1.8,1.9,1.8,1.9,4.3,12.2,0.593,0.571,0.597,0.335,0.352,16.4,0.51,0.97,16.6,0.067,0.078,0.14,116.5,100.1,3.5,5.3,8.8
Collin Murray-Boyles,South Carolina,Sophomore,PF,"6'7.75""(7'0.75"" wingspan)",239 lbs,11th|POR,13th,20.03 yrs,"Jun 10, 2005",USA,"Columbia, SC",Wasatch AcademyWasatch Academy,#64 |2023,"AST%/Usage (3 pluses), Steals (2 pluses), Def. BPM (2 pluses), BPM (2 pluses), Assists (2 pluses), 2P% (2 pluses), FG% (2 pluses), TS% (1 pluses), EFG% (1 pluses), FTA Rate (1 pluses), Off. BPM (1 pluses), Wingspan Ratio (1 pluses), Points (1 pluses), AST/TO (1 pluses), PER (1 pluses)","Def. Rating (2 minuses), Turnovers (1 minuses), Proj NBA 3P% (1 minuses)","34.5""",11.21,2.86,3.15,"8'10""","7'0.75""",32,30.6,6.2-10.6,0.586,0.3-1.1,0.265,4.2-5.9,0.707,8.3,2.4,1.3,1.5,2.4,2.6,16.8,32,36.0,7.3-12.4,0.586,0.3-1.2,0.265,4.9-6.9,0.707,9.7,2.8,1.6,1.7,2.9,3.0,19.8,0.63,0.599,0.101,0.556,0.321,26.7,0.79,0.99,27.8,0.127,0.073,0.2,119.6,100.4,6.9,5.0,11.9
Noa Essengue,Ratiopharm Ulm (Germany),International,SF/PF,"6'9""",194 lbs,14th|SA,14th,18.50 yrs,"Dec 18, 2006",France,"Orleans, France",,,"FTA Rate (4 pluses), 2P% (4 pluses), Draft Age (4 pluses), FG% (3 pluses), Steals (3 pluses), TS% (3 pluses), EFG% (2 pluses), Turnovers (2 pluses), Points (1 pluses), Def. Rebounds (1 pluses)","Fouls (4 minuses), 3P% (1 minuses), Proj NBA 3P% (1 minuses), Assists (1 minuses)",,,,,,,18,23.7,3.9-6.9,0.56,0.6-1.9,0.294,4.1-5.6,0.73,5.3,1.1,0.6,1.4,1.0,2.6,12.4,18,36.0,5.9-10.5,0.56,0.8-2.9,0.294,6.2-8.4,0.73,8.0,1.7,0.8,2.1,1.5,4.0,18.8,0.646,0.6,0.272,0.8,0.335,,,1.11,,,,,,,,,
Cedric Coward,Washington State,Senior,SG,"6'6.5""(7'2.25"" wingspan)",213 lbs,15th|OKC,15th,21.77 yrs,"Sep 11, 2003",USA,"Fresno, CA",Central High SchoolCentral HS,,"2P% (4 pluses), Blocks (4 pluses), TS% (4 pluses), FG% (4 pluses), EFG% (4 pluses), Off. Rating (4 pluses), Wingspan Ratio (3 pluses), FTA Rate (3 pluses), Rebounds (2 pluses), Off. Win Shares (2 pluses), Off. Rebounds (2 pluses), PER (2 pluses), AST%/Usage (2 pluses), Def. Rebounds (2 pluses), Assists (2 pluses), AST/TO (1 pluses), FT% (1 pluses), Off. BPM (1 pluses), Win Shares (1 pluses), BPM (1 pluses), Points (1 pluses), Proj NBA 3P% (1 pluses), 3P% (1 pluses)","Def. Rating (3 minuses), Def. Win Shares (2 minuses), Fouls (2 minuses), Draft Age (2 minuses), Steals (1 minuses)","38.5""",10.97,3.02,3.06,"8'10""","7'2.25""",6,33.0,5.7-10.2,0.557,2.0-5.0,0.4,4.3-5.2,0.839,7.0,3.7,1.7,0.8,2.2,2.7,17.7,6,36.0,6.2-11.1,0.557,2.2-5.5,0.4,4.7-5.6,0.839,7.6,4.0,1.8,0.9,2.4,2.9,19.3,0.7,0.656,0.492,0.508,0.375,22.1,0.94,1.69,26.0,0.162,0.04,0.202,135.2,108.9,7.0,2.2,9.3
Asa Newell,Georgia,Freshman,PF,"6'10.25""(6'11.25"" wingspan)",224 lbs,17th|MIN,16th,19.71 yrs,"Oct 5, 2005",USA,"Destin, FL",Montverde AcademyMontverde Academy,#12 |2024,"Off. Rating (3 pluses), Turnovers (3 pluses), Off. Rebounds (2 pluses), 2P% (2 pluses), Off. BPM (1 pluses), Off. Win Shares (1 pluses), Draft Age (1 pluses)","Def. Rating (3 minuses), Def. Rebounds (3 minuses), Wingspan Ratio (2 minuses), Def. Win Shares (2 minuses), Assists (1 minuses), AST%/Usage (1 minuses), Rebounds (1 minuses), Def. BPM (1 minuses)","36.5""",10.95,2.78,3.26,"8'11.5""","6'11.25""",33,29.0,5.8-10.7,0.543,0.8-2.7,0.292,3.1-4.1,0.748,6.9,0.9,1.0,1.0,1.1,2.4,15.4,33,36.0,7.2-13.2,0.543,1.0-3.3,0.292,3.8-5.1,0.748,8.5,1.1,1.2,1.2,1.4,3.0,19.1,0.612,0.58,0.253,0.384,0.339,23.5,0.29,0.78,26.1,0.159,0.058,0.217,131.5,104.2,7.6,2.0,9.6
Thomas Sorber,Georgetown,Freshman,PF/C,"6'10.5""(7'6"" wingspan)",263 lbs,19th|BKN,17th,19.48 yrs,"Dec 25, 2005",USA,"Trenton, NJ",Archbishop RyanArchbishop Ryan,#56 |2024,"Wingspan Ratio (3 pluses), Steals (2 pluses), AST%/Usage (2 pluses), Assists (2 pluses), Draft Age (2 pluses), Def. BPM (1 pluses), Blocks (1 pluses), AST/TO (1 pluses), 2P% (1 pluses), Fouls (1 pluses)","3P% (2 minuses), Off. Win Shares (1 minuses), Proj NBA 3P% (1 minuses)",,,,,"9'1""","7'6""",24,31.3,5.5-10.4,0.532,0.3-1.5,0.162,3.2-4.4,0.724,8.5,2.4,2.0,1.5,2.3,2.2,14.5,24,36.0,6.4-12.0,0.532,0.3-1.8,0.162,3.6-5.0,0.724,9.7,2.8,2.3,1.7,2.6,2.5,16.7,0.58,0.544,0.148,0.42,0.318,23.6,0.66,1.07,24.7,0.09,0.09,0.181,114.7,96.7,4.1,4.4,8.5
Egor Demin,BYU,Freshman,PG/SG,"6'9.5""(6'10.25"" wingspan)",199 lbs,18th|WAS,18th,19.30 yrs,"Mar 3, 2006",Russia,"Moscow, Russia",Moscow Basketball AcademyMoscow Basketball Academy,,"Draft Age (3 pluses), 2P% (2 pluses), Assists (2 pluses), Fouls (2 pluses), Def. Rebounds (1 pluses), AST%/Usage (1 pluses), Blocks (1 pluses)","3P% (3 minuses), Win Shares (3 minuses), Off. Win Shares (3 minuses), PER (3 minuses), Off. Rating (2 minuses), TS% (2 minuses), Turnovers (2 minuses), Wingspan Ratio (2 minuses), FT% (2 minuses), Off. BPM (2 minuses), Off. Rebounds (2 minuses), Points (2 minuses), FG% (2 minuses), BPM (2 minuses), Def. Rating (1 minuses), Proj NBA 3P% (1 minuses), EFG% (1 minuses), FTA Rate (1 minuses)","32.0""",11.31,2.93,3.33,"8'9.5""","6'10.25""",33,27.5,3.8-9.3,0.412,1.3-4.7,0.273,1.7-2.5,0.695,3.9,5.5,0.4,1.2,2.9,1.2,10.6,33,36.0,5.0-12.1,0.412,1.7-6.1,0.273,2.3-3.3,0.695,5.1,7.1,0.5,1.5,3.8,1.6,13.9,0.509,0.48,0.503,0.268,0.344,24.5,1.41,1.86,15.6,0.048,0.057,0.101,103.9,105.6,3.1,2.2,5.3
Rasheer Fleming,Saint Joseph's,Junior,PF,"6'9.5""(7'5.25"" wingspan)",232 lbs,20th|MIA,19th,20.95 yrs,"Jul 10, 2004",USA,"Camden, NJ",Camden High SchoolCamden HS,,"Wingspan Ratio (3 pluses), 2P% (2 pluses), Proj NBA 3P% (2 pluses), EFG% (2 pluses), Steals (2 pluses), TS% (2 pluses), Turnovers (1 pluses), Off. Rating (1 pluses), 3P% (1 pluses), Def. Win Shares (1 pluses)","FTA Rate (2 minuses), Off. Rebounds (1 minuses)","32.5""",10.95,2.72,3.24,"9'1""","7'5.25""",35,31.3,5.4-10.1,0.531,1.8-4.5,0.39,2.1-2.9,0.743,8.5,1.3,1.5,1.4,1.5,2.5,14.7,35,36.0,6.2-11.6,0.531,2.0-5.2,0.39,2.5-3.3,0.743,9.8,1.4,1.8,1.6,1.8,2.9,16.9,0.638,0.619,0.449,0.285,0.36,21.2,0.4,0.81,24.1,0.11,0.095,0.205,123.9,95.0,4.5,3.1,7.7
Nique Clifford,Colorado State,Senior,SG/SF,"6'6.5""(6'8"" wingspan)",202 lbs,16th|MEM,20th,23.36 yrs,"Feb 9, 2002",USA,"Colorado Springs, CO",The Vanguard SchoolThe Vanguard School,,"Def. Rebounds (4 pluses), Rebounds (4 pluses), Assists (2 pluses), Def. Win Shares (2 pluses), AST%/Usage (2 pluses), 2P% (2 pluses), FG% (2 pluses), Win Shares (2 pluses), BPM (2 pluses), PER (1 pluses), AST/TO (1 pluses), Def. BPM (1 pluses), Off. BPM (1 pluses), TS% (1 pluses), EFG% (1 pluses), Off. Rebounds (1 pluses), Def. Rating (1 pluses), Points (1 pluses), Off. Rating (1 pluses), Off. Win Shares (1 pluses)","Draft Age (4 minuses), Wingspan Ratio (1 minuses), Turnovers (1 minuses)","35.5""",10.87,2.96,3.07,"8'6.5""","6'8""",36,35.4,6.6-13.3,0.496,1.8-4.9,0.377,3.9-5.0,0.777,9.6,4.4,0.6,1.2,2.6,2.4,18.9,36,36.0,6.7-13.6,0.496,1.9-4.9,0.377,3.9-5.1,0.777,9.8,4.5,0.6,1.2,2.6,2.5,19.2,0.603,0.565,0.365,0.373,0.361,27.7,0.97,1.72,25.1,0.129,0.091,0.22,119.2,96.1,7.2,3.8,11.1
Joan Beringer,KK Cedevita Junior (Croatia),International,C,"6'10""",230 lbs,24th|OKC,21st,18.61 yrs,"Nov 11, 2006",France,"Strasbourg, France",,,"Draft Age (4 pluses), Turnovers (3 pluses), FG% (2 pluses), EFG% (1 pluses), Off. Rating (1 pluses), 2P% (1 pluses), TS% (1 pluses)","PER (4 minuses), Points (3 minuses), Def. Rating (3 minuses), Fouls (2 minuses), Proj NBA 3P% (1 minuses), FT% (1 minuses), Assists (1 minuses), Rebounds (1 minuses), Def. Rebounds (1 minuses)",,,,,,,64,18.8,2.2-3.4,0.644,0.0-0.0,0.0,1.0-1.8,0.566,4.9,0.5,1.4,0.5,0.7,2.3,5.4,64,36.0,4.2-6.6,0.644,0.0-0.0,0.0,1.9-3.4,0.566,9.4,0.9,2.7,1.0,1.3,4.5,10.4,0.634,0.644,0.005,0.516,0.299,12.3,0.34,0.7,16.2,,,,125.6,103.4,,,
Liam McNeeley,UConn,Freshman,SF,"6'8""(6'8.5"" wingspan)",215 lbs,23rd|NO,22nd,19.69 yrs,"Oct 10, 2005",USA,"Richardson, TX",Montverde AcademyMontverde Academy,#9 |2024,"FT% (3 pluses), Proj NBA 3P% (1 pluses), Draft Age (1 pluses)","FG% (3 minuses), Def. Rating (3 minuses), EFG% (3 minuses), Steals (3 minuses), 2P% (3 minuses), BPM (3 minuses), Wingspan Ratio (2 minuses), PER (2 minuses), Blocks (2 minuses), Def. BPM (2 minuses), Off. Rebounds (2 minuses), Off. BPM (2 minuses), Def. Win Shares (1 minuses), Win Shares (1 minuses), TS% (1 minuses), 3P% (1 minuses), Off. Win Shares (1 minuses)","36.5""",11.11,2.75,3.16,"8'3.5""","6'8.5""",27,32.1,4.4-11.5,0.381,1.7-5.4,0.317,4.1-4.7,0.866,6.0,2.3,0.2,0.6,1.9,2.0,14.5,27,36.0,4.9-12.9,0.381,1.9-6.0,0.317,4.6-5.3,0.866,6.7,2.5,0.2,0.6,2.1,2.2,16.3,0.529,0.455,0.468,0.41,0.373,25.6,0.51,1.22,16.1,0.083,0.051,0.134,112.5,107.1,2.6,0.8,3.4
Danny Wolf,Michigan,Junior,PF/C,"6'11.75""(7'2.25"" wingspan)",252 lbs,22nd|ATL,23rd,21.13 yrs,"May 4, 2004",USA,"Glencoe, IL",Northfield Mount HermonNorthfield Mount Hermon,,"AST%/Usage (4 pluses), Assists (4 pluses), Def. BPM (2 pluses), Def. Rebounds (2 pluses), AST/TO (1 pluses), Rebounds (1 pluses), Fouls (1 pluses)","Turnovers (4 minuses), Off. Win Shares (3 minuses), FT% (2 minuses), Off. Rating (2 minuses), PER (2 minuses), Win Shares (2 minuses), Steals (1 minuses), Points (1 minuses), FTA Rate (1 minuses), TS% (1 minuses), Wingspan Ratio (1 minuses), Draft Age (1 minuses)","30.0""",11.26,2.91,3.51,"9'1""","7'2.25""",37,30.5,5.0-10.1,0.497,1.0-3.1,0.336,2.1-3.6,0.594,9.7,3.6,1.4,0.7,3.2,2.1,13.2,37,36.0,5.9-11.9,0.497,1.2-3.6,0.336,2.5-4.2,0.594,11.5,4.2,1.6,0.8,3.8,2.4,15.6,0.559,0.548,0.302,0.356,0.324,24.2,0.94,1.1,19.4,0.053,0.089,0.145,105.7,96.1,4.3,5.2,9.5
Nolan Traore,Saint-Quentin (France),International,PG,"6'3""",175 lbs,21st|UTA,24th,19.06 yrs,"May 28, 2006",France,"Chennevières-sur-Marne, France",,,"Draft Age (3 pluses), Assists (2 pluses), AST%/Usage (1 pluses)","Fouls (4 minuses), Def. Rating (4 minuses), PER (3 minuses), TS% (2 minuses), Turnovers (2 minuses), Def. Rebounds (2 minuses), Rebounds (2 minuses), Off. Rating (2 minuses), EFG% (2 minuses), FG% (2 minuses), 3P% (2 minuses), FT% (2 minuses), Blocks (2 minuses), Steals (1 minuses), 2P% (1 minuses)",,,,,,,44,22.7,4.3-10.5,0.41,1.3-4.0,0.314,2.4-3.4,0.711,1.9,4.7,0.0,0.7,2.5,2.3,12.3,44,36.0,6.8-16.6,0.41,2.0-6.3,0.314,3.8-5.4,0.711,3.0,7.4,0.1,1.1,3.9,3.7,19.4,0.507,0.47,0.38,0.323,0.353,30.4,1.41,1.91,15.4,,,,105.7,114.5,,,
Will Riley,Illinois,Freshman,SG/SF,"6'9.5""(6'8.75"" wingspan)",186 lbs,26th|BKN,25th,19.36 yrs,"Feb 10, 2006",Canada,"Kitchener, ON",The Phelps SchoolThe Phelps School,#12 |2024,"Fouls (2 pluses), AST/TO (2 pluses), Draft Age (2 pluses), Turnovers (1 pluses), Off. Rebounds (1 pluses)","Steals (4 minuses), Wingspan Ratio (3 minuses), Def. Rating (3 minuses), Def. Win Shares (2 minuses), PER (1 minuses), TS% (1 minuses), 3P% (1 minuses), EFG% (1 minuses), FT% (1 minuses), Win Shares (1 minuses), FG% (1 minuses), Proj NBA 3P% (1 minuses), Def. BPM (1 minuses)","32.0""",11.73,3.08,3.21,"8'8""","6'8.75""",35,25.7,4.4-10.3,0.432,1.3-4.1,0.326,2.4-3.3,0.724,4.1,2.2,0.3,0.3,1.2,1.2,12.6,35,36.0,6.2-14.4,0.432,1.9-5.8,0.326,3.4-4.6,0.724,5.8,3.1,0.4,0.4,1.7,1.7,17.7,0.532,0.497,0.401,0.323,0.353,23.8,0.68,1.86,17.4,0.102,0.044,0.147,118.0,108.2,4.8,1.7,6.5
Walter Clayton Jr.,Florida,Senior,PG,"6'3.25""(6'4"" wingspan)",199 lbs,25th|ORL,26th,22.29 yrs,"Mar 6, 2003",USA,"Lake Wales, FL",Bartow High SchoolBartow HS,,"Proj NBA 3P% (3 pluses), FT% (2 pluses), BPM (2 pluses), Off. Rating (2 pluses), Blocks (2 pluses), EFG% (1 pluses), TS% (1 pluses), 2P% (1 pluses), Off. BPM (1 pluses), Def. BPM (1 pluses), Points (1 pluses)","Draft Age (3 minuses), Wingspan Ratio (2 minuses), Off. Rebounds (2 minuses), FTA Rate (1 minuses), AST%/Usage (1 minuses), Steals (1 minuses)","37.0""",10.52,2.81,3.14,"8'1.5""","6'4""",39,32.6,6.0-13.4,0.448,3.0-7.8,0.386,3.2-3.7,0.875,3.7,4.2,0.5,1.2,2.4,1.9,18.3,39,36.0,6.7-14.8,0.448,3.3-8.6,0.386,3.6-4.1,0.875,4.1,4.6,0.6,1.3,2.7,2.1,20.2,0.602,0.56,0.578,0.275,0.398,25.6,0.91,1.73,21.6,0.138,0.066,0.205,124.4,102.4,7.8,3.4,11.2
Ben Saraf,Ratiopharm Ulm,International,PG/SG,"6'5""",200 lbs,29th|PHX,27th,19.18 yrs,"Apr 14, 2006",Israel,"Gan Yoshiya, Israel",,,"Draft Age (3 pluses), Off. Rebounds (2 pluses), Assists (1 pluses), Blocks (1 pluses)","Fouls (4 minuses), Turnovers (3 minuses), PER (3 minuses), 3P% (2 minuses), Off. Rating (2 minuses), Def. Rating (2 minuses), TS% (2 minuses), Proj NBA 3P% (2 minuses), EFG% (1 minuses), AST/TO (1 minuses), Def. Rebounds (1 minuses)",,,,,,,57,23.5,4.5-10.1,0.447,0.7-2.3,0.295,2.5-3.2,0.761,2.8,4.2,0.3,1.1,2.7,2.3,12.2,57,36.0,6.9-15.5,0.447,1.0-3.5,0.295,3.8-4.9,0.761,4.3,6.4,0.5,1.7,4.2,3.5,18.6,0.523,0.481,0.23,0.32,0.343,27.6,1.17,1.54,15.8,,,,105.1,107.6,,,
Noah Penda,Le Mans Sarthe (France),International,SF,"6'7""",225 lbs,27th|BKN,28th,20.45 yrs,"Jan 7, 2005",France,,,,"Steals (2 pluses), Assists (2 pluses), AST/TO (1 pluses), FTA Rate (1 pluses)","Points (1 minuses), FT% (1 minuses), 3P% (1 minuses), Proj NBA 3P% (1 minuses), FG% (1 minuses), EFG% (1 minuses), Blocks (1 minuses), TS% (1 minuses)",,,,,,,29,26.9,3.4-7.8,0.44,1.0-3.2,0.304,2.4-3.5,0.693,5.1,2.6,0.4,1.4,1.7,2.1,10.2,29,36.0,4.6-10.4,0.44,1.3-4.2,0.304,3.2-4.7,0.693,6.8,3.5,0.5,1.8,2.3,2.8,13.7,0.542,0.502,0.409,0.449,0.338,,,1.55,,,,,,,,,
Hugo González,Real Madrid (Spain),International,SF,"6'6""",207 lbs,31st|MIN,29th,19.37 yrs,"Feb 5, 2006",Spain,"Madrid, Spain",,,Draft Age (2 pluses),"Fouls (4 minuses), Points (3 minuses), FG% (2 minuses), EFG% (2 minuses), TS% (2 minuses), 3P% (2 minuses), Steals (1 minuses), Def. Rebounds (1 minuses), Rebounds (1 minuses), Proj NBA 3P% (1 minuses)",,,,,,,56,11.2,1.2-3.0,0.407,0.4-1.3,0.278,0.8-1.1,0.75,1.9,0.6,0.3,0.3,0.6,1.9,3.6,56,36.0,3.9-9.6,0.407,1.1-4.1,0.278,2.6-3.4,0.75,6.3,2.0,1.0,0.9,2.1,6.0,11.5,0.514,0.467,0.431,0.359,0.342,,,0.97,,,,,,,,,
Adou Thiero,Arkansas,Junior,SF/PF,"6'7.5""(7'0"" wingspan)",218 lbs,33rd|CHA,30th,21.12 yrs,"May 8, 2004",USA,"Pittsburgh, PA",Quaker Valley High SchoolQuaker Valley HS,,"FTA Rate (4 pluses), Steals (3 pluses), FG% (3 pluses), 2P% (2 pluses), Def. BPM (2 pluses), BPM (2 pluses), PER (1 pluses), Points (1 pluses), TS% (1 pluses), Off. Rebounds (1 pluses), Off. Rating (1 pluses), EFG% (1 pluses), Win Shares (1 pluses)","Proj NBA 3P% (3 minuses), 3P% (2 minuses), Fouls (2 minuses), FT% (1 minuses), Draft Age (1 minuses)",,,,,"8'8.5""","7'0""",27,27.5,5.1-9.4,0.545,0.4-1.6,0.256,4.4-6.5,0.686,5.8,1.9,0.7,1.6,1.7,2.6,15.1,27,36.0,6.7-12.3,0.545,0.5-2.1,0.256,5.8-8.5,0.686,7.6,2.5,1.0,2.1,2.2,3.3,19.7,0.605,0.567,0.17,0.692,0.322,25.8,0.54,1.11,25.1,0.124,0.081,0.205,120.6,99.2,5.9,4.7,10.6
Ryan Kalkbrenner,Creighton,Senior,C,"7'2.25""(7'6"" wingspan)",257 lbs,34th|CHA,31st,23.42 yrs,"Jan 17, 2002",USA,"Florissant, MO",Trinity CatholicTrinity Catholic,,"Fouls (3 pluses), 2P% (3 pluses), Off. Rating (3 pluses), TS% (3 pluses), EFG% (3 pluses), Turnovers (2 pluses), FG% (2 pluses), AST/TO (2 pluses), Off. BPM (2 pluses), Off. Win Shares (1 pluses), Points (1 pluses), BPM (1 pluses), 3P% (1 pluses), PER (1 pluses)","Draft Age (4 minuses), Off. Rebounds (2 minuses), Def. Rating (2 minuses), Rebounds (1 minuses), Steals (1 minuses), FTA Rate (1 minuses)","33.0""",12.05,3.1,3.34,"9'4""","7'6""",35,34.5,7.7-11.9,0.653,0.6-1.7,0.344,3.1-4.6,0.681,8.7,1.5,2.7,0.5,1.5,1.4,19.2,35,36.0,8.1-12.4,0.653,0.6-1.8,0.344,3.3-4.8,0.681,9.0,1.6,2.8,0.6,1.5,1.5,20.1,0.684,0.678,0.147,0.386,0.326,23.6,0.42,1.06,29.1,0.159,0.08,0.235,132.7,99.4,7.7,4.4,12.2
Kam Jones,Marquette,Senior,PG/SG,"6'4.5""(6'6"" wingspan)",202 lbs,30th|LAC,32nd,23.32 yrs,"Feb 25, 2002",USA,"Memphis, TN",Evangelical Christian SchoolEvangelical Christian School,,"AST/TO (4 pluses), 2P% (3 pluses), Turnovers (2 pluses), FG% (1 pluses), BPM (1 pluses), Off. BPM (1 pluses), AST%/Usage (1 pluses), Assists (1 pluses), Points (1 pluses), Def. BPM (1 pluses)","Draft Age (4 minuses), FT% (3 minuses), FTA Rate (3 minuses), 3P% (2 minuses), Wingspan Ratio (1 minuses), Proj NBA 3P% (1 minuses)","31.5""",11.42,3.11,3.27,"8'4.5""","6'6""",34,33.8,7.8-16.2,0.483,1.9-6.1,0.311,1.7-2.6,0.648,4.5,5.9,0.3,1.4,1.9,2.2,19.2,34,36.0,8.3-17.3,0.483,2.0-6.5,0.311,1.8-2.8,0.648,4.8,6.3,0.3,1.5,2.0,2.3,20.5,0.551,0.541,0.374,0.16,0.345,28.9,1.32,3.17,24.5,0.136,0.066,0.202,119.4,103.0,7.3,3.3,10.6
Hansen Yang,Qingdao (China),International,C,"7'2.25""(7'2.75"" wingspan)",253 lbs,36th|BKN,33rd,19.98 yrs,"Jun 26, 2005",China,China,,,"Assists (3 pluses), AST%/Usage (2 pluses), AST/TO (1 pluses), 2P% (1 pluses), Draft Age (1 pluses)","Def. Rating (3 minuses), Turnovers (3 minuses), Wingspan Ratio (2 minuses), PER (2 minuses)","30.0""",11.79,3.01,3.38,"9'3""","7'2.75""",53,33.0,6.3-10.6,0.595,0.3-1.1,0.286,3.2-4.7,0.677,10.0,2.8,2.7,0.9,3.1,3.2,16.2,53,36.0,6.9-11.6,0.595,0.3-1.2,0.286,3.5-5.2,0.677,11.0,3.1,3.0,1.0,3.4,3.4,17.6,0.627,0.609,0.099,0.446,0.318,21.4,0.65,0.91,20.2,,,,115.0,103.9,,,
Johni Broome,Auburn,Senior,PF/C,"6'10.5""(7'0.25"" wingspan)",249 lbs,37th|DET,34th,22.92 yrs,"Jul 19, 2002",USA,"Plant City, FL",Tampa Catholic High SchoolTampa Catholic HS,,"AST/TO (4 pluses), BPM (3 pluses), Off. BPM (3 pluses), Assists (3 pluses), Rebounds (2 pluses), Off. Rebounds (2 pluses), Points (2 pluses), PER (2 pluses), Def. Rebounds (2 pluses), AST%/Usage (2 pluses), Def. BPM (2 pluses), Blocks (1 pluses), Win Shares (1 pluses), Turnovers (1 pluses), Off. Win Shares (1 pluses), Fouls (1 pluses), Def. Win Shares (1 pluses), Off. Rating (1 pluses)","Draft Age (3 minuses), FT% (2 minuses), Wingspan Ratio (1 minuses), TS% (1 minuses), Proj NBA 3P% (1 minuses)","28.0""",11.52,3.23,3.37,"9'0.5""","7'0.25""",36,30.2,7.3-14.3,0.51,0.7-2.5,0.278,3.3-5.6,0.587,10.8,2.9,2.1,0.9,1.6,2.1,18.6,36,36.0,8.7-17.1,0.51,0.8-3.0,0.278,3.9-6.7,0.587,12.9,3.4,2.5,1.1,1.9,2.5,22.1,0.547,0.534,0.174,0.39,0.315,30.4,0.64,1.82,30.9,0.154,0.096,0.25,121.7,94.8,9.6,4.7,14.3
Yanic Konan Niederhauser,Penn State,Junior,C,"7'0.5""(7'3.25"" wingspan)",243 lbs,41st|GS,35th,22.27 yrs,"Mar 14, 2003",Switzerland,"Fraschels, Switzerland",Urspring SchoolUrspring School,,"2P% (1 pluses), Blocks (1 pluses), FG% (1 pluses)","Draft Age (3 minuses), Def. Rating (2 minuses), Rebounds (1 minuses), Off. BPM (1 minuses), 3P% (1 minuses), Def. Rebounds (1 minuses), AST%/Usage (1 minuses), Win Shares (1 minuses), Off. Rebounds (1 minuses), BPM (1 minuses), Def. Win Shares (1 minuses), AST/TO (1 minuses)","37.0""",11.45,2.84,3.2,"9'3""","7'3.25""",29,25.1,4.9-8.1,0.611,0.0-0.4,0.091,3.0-4.5,0.664,6.3,0.8,2.3,0.7,1.7,2.5,12.9,29,36.0,7.1-11.6,0.611,0.0-0.5,0.091,4.3-6.5,0.664,9.1,1.1,3.3,0.9,2.4,3.6,18.5,0.631,0.613,0.047,0.56,0.313,23.5,0.26,0.46,24.3,0.104,0.077,0.181,118.9,100.2,2.9,3.1,6.1
Bogoljub Marković,KK Mega Basket (Serbia),International,PF,"6'11""",190 lbs,35th|PHI,36th,19.94 yrs,"Jul 12, 2005",Serbia,"Uzise, Serbia",,,"Assists (2 pluses), TS% (1 pluses), 2P% (1 pluses), EFG% (1 pluses), Proj NBA 3P% (1 pluses), FT% (1 pluses), AST/TO (1 pluses), Draft Age (1 pluses)","Turnovers (2 minuses), Off. Rebounds (2 minuses), Fouls (2 minuses), Rebounds (1 minuses), Blocks (1 minuses)",,,,,,,30,29.4,4.7-8.8,0.538,1.0-2.7,0.37,3.3-4.3,0.76,6.8,2.7,0.8,0.8,2.7,3.4,13.7,30,36.0,5.8-10.8,0.538,1.2-3.3,0.37,4.0-5.3,0.76,8.4,3.3,1.0,1.0,3.3,4.2,16.8,0.633,0.595,0.307,0.489,0.348,,,0.98,,,,,,,,,
Drake Powell,North Carolina,Freshman,SG,"6'6.5""(7'0"" wingspan)",200 lbs,32nd|BOS,37th,19.78 yrs,"Sep 8, 2005",USA,"Pittsboro, NC",Northwood High SchoolNorthwood HS,#13 |2024,"Turnovers (3 pluses), Blocks (2 pluses), 2P% (2 pluses), Wingspan Ratio (1 pluses), FG% (1 pluses), EFG% (1 pluses), Def. BPM (1 pluses), Draft Age (1 pluses)","Points (4 minuses), PER (3 minuses), Def. Rating (3 minuses), FT% (3 minuses), Win Shares (3 minuses), Assists (2 minuses), Proj NBA 3P% (2 minuses), Off. Win Shares (2 minuses), Def. Win Shares (1 minuses), Off. BPM (1 minuses), FTA Rate (1 minuses), Steals (1 minuses), AST%/Usage (1 minuses)","43.0""",10.71,2.79,3.07,"8'7""","7'0""",37,25.6,2.8-5.7,0.483,1.0-2.6,0.379,0.9-1.5,0.648,3.4,1.1,0.7,0.7,0.7,1.8,7.4,37,36.0,3.9-8.0,0.483,1.4-3.6,0.379,1.3-2.1,0.648,4.8,1.5,1.0,1.0,1.0,2.5,10.5,0.581,0.569,0.45,0.256,0.336,13.8,0.51,1.48,12.9,0.059,0.046,0.106,118.0,107.9,2.8,3.3,6.1
Maxime Raynaud,Stanford,Senior,C,"7'1.5""(7'1.25"" wingspan)",237 lbs,28th|BOS,38th,22.20 yrs,"Apr 7, 2003",France,"Paris, France",Lycee Henri IVLycee Henri IV,,"Proj NBA 3P% (4 pluses), Points (2 pluses), Fouls (2 pluses), FT% (2 pluses), Def. Rebounds (1 pluses), 3P% (1 pluses), Off. BPM (1 pluses)","Def. BPM (4 minuses), Wingspan Ratio (3 minuses), FG% (3 minuses), Def. Rating (3 minuses), FTA Rate (3 minuses), Draft Age (3 minuses), TS% (2 minuses), Blocks (2 minuses), EFG% (2 minuses), 2P% (2 minuses), Def. Win Shares (1 minuses), Win Shares (1 minuses), Off. Rating (1 minuses), Off. Rebounds (1 minuses), Off. Win Shares (1 minuses)","31.5""",11.31,3.16,3.23,"9'2""","7'1.25""",35,33.5,7.5-16.1,0.467,1.9-5.5,0.347,3.3-4.2,0.77,10.6,1.7,1.4,0.9,2.4,2.0,20.2,35,36.0,8.1-17.3,0.467,2.1-5.9,0.347,3.5-4.5,0.77,11.4,1.8,1.5,0.9,2.6,2.2,21.7,0.558,0.527,0.343,0.263,0.363,31.5,0.38,0.69,25.6,0.102,0.068,0.171,112.2,101.9,6.2,0.8,7.0
Alex Toohey,Sydney (NBL),International,SF,"6'9""(6'10.75"" wingspan)",223 lbs,39th|TOR,39th,21.13 yrs,"May 4, 2004",Australia,"Canberra, Australia",,,"Steals (3 pluses), Turnovers (1 pluses), Blocks (1 pluses)","Def. Rating (4 minuses), PER (1 minuses), Def. Rebounds (1 minuses), Wingspan Ratio (1 minuses), Rebounds (1 minuses), Draft Age (1 minuses)","31.5""",11.38,2.9,3.2,"8'8.5""","6'10.75""",32,23.5,4.0-8.6,0.465,1.0-2.9,0.34,2.4-3.2,0.738,3.8,1.3,0.8,1.4,1.1,1.7,11.4,32,36.0,6.1-13.2,0.465,1.5-4.5,0.34,3.6-4.9,0.738,5.8,2.1,1.2,2.2,1.7,2.6,17.4,0.562,0.524,0.342,0.375,0.349,20.4,0.46,1.23,17.7,,,,114.9,109.2,,,
Sion James,Duke,Senior,SF,"6'5.75""(6'6.5"" wingspan)",218 lbs,40th|WAS,40th,22.54 yrs,"Dec 4, 2002",USA,"Sugar Hill, GA",Lanier High SchoolLanier HS,,"AST/TO (4 pluses), AST%/Usage (4 pluses), Off. Rating (3 pluses), Assists (3 pluses), Def. BPM (2 pluses), TS% (2 pluses), EFG% (2 pluses), FG% (2 pluses), FTA Rate (1 pluses), Turnovers (1 pluses), Def. Win Shares (1 pluses), 2P% (1 pluses), 3P% (1 pluses), FT% (1 pluses), Win Shares (1 pluses), BPM (1 pluses)","Draft Age (3 minuses), Points (2 minuses), Wingspan Ratio (2 minuses), Off. Rebounds (2 minuses), Blocks (2 minuses), PER (1 minuses), Rebounds (1 minuses)","39.5""",10.91,2.93,2.97,"8'4""","6'6.5""",39,25.5,2.9-5.6,0.516,0.8-1.9,0.413,2.1-2.6,0.81,4.2,2.9,0.3,0.8,1.2,2.0,8.6,39,36.0,4.0-7.8,0.516,1.1-2.7,0.413,2.9-3.6,0.81,5.9,4.2,0.4,1.2,1.7,2.9,12.1,0.635,0.588,0.346,0.461,0.355,16.2,1.17,2.45,17.9,0.116,0.088,0.205,131.1,96.8,4.3,4.9,9.3
Chaz Lanier,Tennessee,Senior,SG,"6'5""(6'9"" wingspan)",206 lbs,38th|SA,41st,23.50 yrs,"Dec 19, 2001",USA,"Nashville, TN",The Ensworth SchoolThe Ensworth School,,"Turnovers (3 pluses), Proj NBA 3P% (2 pluses), Fouls (2 pluses), Points (2 pluses), BPM (1 pluses), Off. BPM (1 pluses)","Draft Age (4 minuses), Assists (3 minuses), AST%/Usage (3 minuses), FTA Rate (3 minuses), Blocks (2 minuses), Off. Rebounds (2 minuses), AST/TO (1 minuses), Steals (1 minuses), Rebounds (1 minuses), Def. Rating (1 minuses), 2P% (1 minuses), FG% (1 minuses)","39.0""",10.53,2.96,3.12,"8'5.5""","6'9""",38,31.4,6.4-14.8,0.431,3.2-8.2,0.395,2.0-2.6,0.758,3.9,1.1,0.1,0.9,1.1,1.6,18.0,38,36.0,7.3-17.0,0.431,3.7-9.4,0.395,2.3-3.0,0.758,4.5,1.2,0.2,1.0,1.3,1.8,20.7,0.56,0.54,0.551,0.176,0.389,28.8,0.27,0.95,19.5,0.107,0.067,0.174,117.2,102.4,6.1,2.7,8.9
Koby Brea,Kentucky,Senior,SG,"6'7""(6'5.25"" wingspan)",202 lbs,43rd|UTA,42nd,22.62 yrs,"Nov 6, 2002",USA,"Bronx, NY",Monsignor Scanlan High SchoolMonsignor Scanlan HS,,"AST/TO (4 pluses), Turnovers (4 pluses), Proj NBA 3P% (3 pluses), EFG% (3 pluses), FT% (3 pluses), Off. Rating (3 pluses), TS% (3 pluses), Fouls (2 pluses), 3P% (2 pluses), 2P% (1 pluses)","Def. Rating (4 minuses), Wingspan Ratio (4 minuses), FTA Rate (4 minuses), Steals (3 minuses), Def. Win Shares (3 minuses), Off. Rebounds (3 minuses), Draft Age (3 minuses), PER (2 minuses), Assists (2 minuses), Win Shares (2 minuses), Rebounds (1 minuses), Points (1 minuses), Def. BPM (1 minuses), AST%/Usage (1 minuses)","34.0""",11.4,3.23,3.31,"8'5.5""","6'5.25""",36,28.1,4.1-8.7,0.47,2.6-5.9,0.435,0.9-1.0,0.914,3.2,1.3,0.3,0.5,0.5,1.3,11.6,36,36.0,5.2-11.2,0.47,3.3-7.6,0.435,1.1-1.2,0.914,4.1,1.7,0.4,0.6,0.6,1.7,14.9,0.636,0.618,0.684,0.112,0.405,16.7,0.48,2.82,16.1,0.099,0.032,0.131,130.1,112.4,5.8,1.3,7.1
Tyrese Proctor,Duke,Junior,PG,"6'5.5""(6'7.25"" wingspan)",183 lbs,42nd|SAC,43rd,21.22 yrs,"Apr 1, 2004",Australia,"Sydney, Australia",NBA Global AcademyNBA Global Academy,,"Turnovers (3 pluses), EFG% (2 pluses), Off. Rating (1 pluses), 3P% (1 pluses), Def. Win Shares (1 pluses), 2P% (1 pluses)","Assists (3 minuses), AST%/Usage (3 minuses), FT% (3 minuses), PER (3 minuses), FTA Rate (2 minuses), Steals (2 minuses), Points (1 minuses), Wingspan Ratio (1 minuses), Blocks (1 minuses), Rebounds (1 minuses), Def. Rebounds (1 minuses), Off. Win Shares (1 minuses), Off. Rebounds (1 minuses), Draft Age (1 minuses)","36.5""",10.75,3.0,3.19,"8'4.5""","6'7.25""",38,29.9,4.3-9.6,0.452,2.3-5.8,0.405,1.3-2.0,0.68,3.0,2.2,0.1,0.8,1.1,1.9,12.4,38,36.0,5.2-11.6,0.452,2.8-7.0,0.405,1.6-2.4,0.68,3.6,2.7,0.1,0.9,1.3,2.3,14.9,0.587,0.574,0.603,0.205,0.364,20.1,0.64,2.12,16.1,0.102,0.074,0.176,123.1,100.6,4.4,3.1,7.4
John Tonje,Wisconsin,Senior,SG,"6'6""(6'9"" wingspan)",212 lbs,45th|CHI,44th,24.16 yrs,"Apr 23, 2001",USA,"North Omaha, NE",Omaha Central High SchoolOmaha Central HS,,"FTA Rate (4 pluses), FT% (3 pluses), TS% (3 pluses), Points (3 pluses), Off. Rating (3 pluses), Off. Win Shares (2 pluses), Proj NBA 3P% (2 pluses), Off. BPM (2 pluses), Win Shares (2 pluses), BPM (1 pluses), PER (1 pluses), 2P% (1 pluses), Fouls (1 pluses), Def. Rebounds (1 pluses), EFG% (1 pluses)","Draft Age (4 minuses), Def. Rating (2 minuses), Steals (2 minuses), AST%/Usage (2 minuses), Blocks (1 minuses), Assists (1 minuses), AST/TO (1 minuses)","37.0""",11.14,3.21,3.2,"8'6.5""","6'9""",37,31.1,5.5-11.9,0.465,2.3-5.9,0.388,6.2-6.9,0.909,5.3,1.8,0.2,0.7,1.8,1.7,19.6,37,36.0,6.4-13.7,0.465,2.7-6.8,0.388,7.2-7.9,0.909,6.1,2.1,0.3,0.8,2.1,2.0,22.6,0.647,0.562,0.499,0.579,0.392,28.0,0.42,0.99,24.8,0.163,0.056,0.222,128.2,105.2,8.6,2.4,11.0
Rocco Zikarsky,Brisbane (NBL),International,C,"7'4.25""(7'4.75"" wingspan)",257 lbs,47th|MIL,45th,18.95 yrs,"Jul 10, 2006",Australia,"Sunshine Coast, Australia",,,"Draft Age (4 pluses), Off. Rebounds (2 pluses), Turnovers (2 pluses)","Def. Rating (4 minuses), PER (4 minuses), TS% (3 minuses), Wingspan Ratio (2 minuses), EFG% (2 minuses), FG% (2 minuses), 2P% (2 minuses), AST%/Usage (2 minuses), Points (1 minuses), Def. Rebounds (1 minuses), Assists (1 minuses)","31.5""",11.92,3.0,3.48,"9'6.5""","7'4.75""",20,12.2,1.8-3.6,0.5,0.1-0.3,0.2,1.0-1.6,0.625,3.5,0.3,0.7,0.3,0.6,1.3,4.7,20,36.0,5.3-10.7,0.5,0.1-0.7,0.2,3.0-4.7,0.625,10.4,0.9,2.1,0.9,1.8,3.9,13.8,0.533,0.507,0.069,0.444,0.309,17.1,0.2,0.5,16.0,,,,114.7,114.7,,,
Alijah Martin,Florida,Senior,SG,"6'2.75""(6'7.5"" wingspan)",208 lbs,48th|MEM,46th,23.48 yrs,"Dec 26, 2001",USA,"Summit, MS",North PikeNorth Pike,,"2P% (2 pluses), Fouls (2 pluses), Off. Rating (2 pluses), Def. BPM (1 pluses), Turnovers (1 pluses), Steals (1 pluses), BPM (1 pluses), Wingspan Ratio (1 pluses), Off. Rebounds (1 pluses)","Draft Age (4 minuses), Blocks (1 minuses), FTA Rate (1 minuses)","38.0""",11.06,3.05,3.11,"8'3.5""","6'7.5""",38,30.4,5.0-11.0,0.452,2.1-5.9,0.35,2.3-3.1,0.761,4.5,2.2,0.2,1.5,1.4,1.4,14.4,38,36.0,5.9-13.0,0.452,2.5-7.0,0.35,2.8-3.6,0.761,5.3,2.6,0.2,1.7,1.7,1.7,17.0,0.576,0.547,0.541,0.28,0.368,21.7,0.57,1.49,19.4,0.114,0.073,0.184,123.8,101.2,5.8,3.9,9.8
Jamir Watkins,Florida State,Senior,SG/SF,"6'6.25""(6'11.25"" wingspan)",215 lbs,49th|CLE,47th,23.96 yrs,"Jul 6, 2001",USA,"Trenton, NJ",Trenton CatholicTrenton Catholic,,"FTA Rate (4 pluses), Points (2 pluses), Def. Rebounds (1 pluses), Rebounds (1 pluses), Wingspan Ratio (1 pluses)","Fouls (4 minuses), Draft Age (4 minuses), Turnovers (2 minuses), 3P% (1 minuses), AST/TO (1 minuses), EFG% (1 minuses), Def. Rating (1 minuses), FG% (1 minuses), Off. Win Shares (1 minuses), Off. Rating (1 minuses), Win Shares (1 minuses), Def. BPM (1 minuses), AST%/Usage (1 minuses), BPM (1 minuses)","37.0""",11.19,3.21,3.14,"8'6.5""","6'11.25""",32,30.9,5.5-13.0,0.427,1.7-5.2,0.321,5.7-7.7,0.747,5.7,2.4,0.5,1.2,2.7,3.2,18.4,32,36.0,6.4-15.1,0.427,1.9-6.0,0.321,6.7-8.9,0.747,6.6,2.8,0.6,1.4,3.1,3.7,21.5,0.555,0.49,0.398,0.59,0.357,31.1,0.52,0.88,20.4,0.085,0.065,0.149,109.3,103.5,4.0,1.6,5.6
Javon Small,West Virginia,Senior,PG,"6'2.25""(6'4.75"" wingspan)",190 lbs,44th|OKC,48th,22.50 yrs,"Dec 19, 2002",USA,"South Bend, IN",AZ Compass PrepAZ Compass Prep,,"FT% (2 pluses), Fouls (2 pluses), Proj NBA 3P% (2 pluses), BPM (1 pluses), Def. Win Shares (1 pluses), Def. BPM (1 pluses), Off. BPM (1 pluses)","Draft Age (3 minuses), FG% (1 minuses), Off. Rebounds (1 minuses)","40.5""",10.74,2.87,3.07,"8'0""","6'4.75""",32,36.1,5.7-13.7,0.418,2.6-7.3,0.353,4.6-5.2,0.88,4.1,5.6,0.3,1.5,2.7,1.5,18.6,32,36.0,5.7-13.6,0.418,2.6-7.3,0.353,4.5-5.2,0.88,4.1,5.6,0.3,1.5,2.7,1.5,18.5,0.576,0.513,0.537,0.379,0.387,28.2,1.24,2.07,22.3,0.114,0.076,0.187,115.4,100.4,7.0,3.6,10.6
Eric Dixon,Villanova,Senior,PF,"6'8.75""(6'11.5"" wingspan)",259 lbs,46th|ORL,49th,24.40 yrs,"Jan 26, 2001",USA,"Willow Grove, PA",Abington Senior High SchoolAbington Senior HS,,"Proj NBA 3P% (4 pluses), Points (3 pluses), FT% (2 pluses), Off. BPM (2 pluses), Fouls (2 pluses), Off. Win Shares (1 pluses), 3P% (1 pluses)","Def. Rating (4 minuses), Rebounds (4 minuses), Def. Win Shares (4 minuses), Draft Age (4 minuses), Def. Rebounds (3 minuses), Blocks (3 minuses), Def. BPM (3 minuses), Off. Rebounds (3 minuses), 2P% (2 minuses), FG% (2 minuses), FTA Rate (1 minuses), Steals (1 minuses)","32.5""",11.56,3.09,3.41,"8'8""","6'11.5""",35,34.8,7.7-17.1,0.451,2.9-7.2,0.407,5.0-6.1,0.813,5.1,1.9,0.3,0.8,2.1,2.0,23.3,35,36.0,8.0-17.6,0.451,3.0-7.5,0.407,5.1-6.3,0.813,5.3,2.0,0.3,0.9,2.2,2.1,24.1,0.583,0.537,0.424,0.358,0.386,34.7,0.38,0.89,25.7,0.154,0.039,0.194,119.5,109.9,8.3,0.1,8.5
Ryan Nembhard,Gonzaga,Senior,PG,"6'0.25""(6'2.25"" wingspan)",176 lbs,50th|NY,50th,22.28 yrs,"Mar 10, 2003",Canada,"Aurora, ON",Montverde AcademyMontverde Academy,#62 |2021,"AST%/Usage (4 pluses), AST/TO (4 pluses), Assists (4 pluses), Fouls (2 pluses), 3P% (1 pluses), Off. Rating (1 pluses)","Points (3 minuses), Off. Rebounds (3 minuses), Draft Age (3 minuses), Rebounds (2 minuses), Blocks (2 minuses), PER (2 minuses), Def. Rebounds (1 minuses), FTA Rate (1 minuses), Proj NBA 3P% (1 minuses), Wingspan Ratio (1 minuses), 2P% (1 minuses), Off. Win Shares (1 minuses), TS% (1 minuses)","32.5""",11.5,2.88,3.22,"7'10""","6'2.25""",35,35.1,3.8-8.5,0.446,1.1-2.7,0.404,1.9-2.5,0.77,3.0,9.8,0.1,1.7,2.5,1.6,10.5,35,36.0,3.9-8.7,0.446,1.1-2.8,0.404,2.0-2.6,0.77,3.0,10.1,0.1,1.8,2.5,1.6,10.8,0.547,0.51,0.318,0.294,0.349,17.0,2.44,4.0,18.0,0.101,0.068,0.169,121.2,101.8,5.0,3.1,8.1
Lachlan Olbrich,Illawarra (NBL),International,PF,"6'10""(6'11.25"" wingspan)",230 lbs,51st|LAC,51st,21.47 yrs,"Dec 30, 2003",Australia,"Adelaide, Australia",Reynella East CollegeReynella East College,,"AST/TO (4 pluses), Assists (3 pluses), FG% (3 pluses), 2P% (3 pluses), AST%/Usage (2 pluses), EFG% (2 pluses), Off. Rating (1 pluses), TS% (1 pluses)","Def. Rating (4 minuses), Fouls (3 minuses), FT% (3 minuses), Proj NBA 3P% (3 minuses), Def. Rebounds (2 minuses), Wingspan Ratio (2 minuses), PER (2 minuses), 3P% (2 minuses), Rebounds (1 minuses), Blocks (1 minuses), Draft Age (1 minuses)","31.0""",11.9,3.0,3.45,"8'11.5""","6'11.25""",40,16.9,3.7-6.0,0.619,0.1-0.4,0.2,1.5-2.7,0.546,3.9,1.8,0.5,0.5,1.0,2.4,9.0,40,36.0,7.9-12.8,0.619,0.2-0.8,0.2,3.2-5.8,0.546,8.2,3.7,1.0,1.0,2.1,5.0,19.1,0.617,0.626,0.063,0.452,0.299,19.9,0.73,1.75,20.2,,,,125.5,112.5,,,
Kobe Sanders,Nevada,Senior,SG,"6'8.25""(6'8.25"" wingspan)",203 lbs,55th|LAL,52nd,23.06 yrs,"May 30, 2002",USA,"San Diego, CA",Christian High SchoolChristian HS,,"AST/TO (3 pluses), Assists (3 pluses), AST%/Usage (3 pluses), FTA Rate (2 pluses)","Draft Age (4 minuses), Wingspan Ratio (3 minuses), Def. Rating (2 minuses), Rebounds (1 minuses), Off. Rebounds (1 minuses), Def. BPM (1 minuses), Def. Win Shares (1 minuses), Blocks (1 minuses), 3P% (1 minuses), Def. Rebounds (1 minuses)","36.0""",10.95,3.0,3.19,"8'7""","6'8.25""",33,31.7,5.2-11.4,0.46,1.2-3.6,0.342,4.1-5.2,0.795,3.9,4.5,0.3,1.1,1.8,2.2,15.8,33,36.0,6.0-13.0,0.46,1.4-4.1,0.342,4.7-5.9,0.795,4.4,5.1,0.3,1.3,2.1,2.5,18.0,0.572,0.515,0.319,0.455,0.355,27.1,1.1,2.41,22.0,0.122,0.054,0.176,118.8,106.5,5.6,1.5,7.0
Vladislav Goldin,Michigan,Senior,C,"7'1.25""(7'5.25"" wingspan)",253 lbs,52nd|PHX,53rd,24.11 yrs,"May 12, 2001",Russia,"Nalchik, Russia",Putnam Science AcademyPutnam Science Academy,,"Points (2 pluses), TS% (1 pluses), Fouls (1 pluses), Off. BPM (1 pluses), FT% (1 pluses), FTA Rate (1 pluses), 2P% (1 pluses), 3P% (1 pluses), EFG% (1 pluses), Proj NBA 3P% (1 pluses), BPM (1 pluses)","Draft Age (4 minuses), Def. Rating (2 minuses), Turnovers (2 minuses), Rebounds (1 minuses), Blocks (1 minuses), Def. Rebounds (1 minuses), Def. Win Shares (1 minuses), Steals (1 minuses), AST/TO (1 minuses), Off. Rebounds (1 minuses)","30.0""",11.76,2.95,3.53,"9'3""","7'5.25""",37,27.5,6.0-9.9,0.607,0.3-0.9,0.333,4.3-5.9,0.731,7.0,1.1,1.4,0.5,2.3,2.0,16.6,37,36.0,7.8-12.9,0.607,0.4-1.2,0.333,5.7-7.7,0.731,9.2,1.4,1.8,0.7,3.0,2.6,21.7,0.654,0.622,0.09,0.598,0.329,26.7,0.32,0.47,25.7,0.13,0.075,0.204,121.5,100.0,6.6,3.8,10.4
Hunter Sallis,Wake Forest,Senior,SG/PG,"6'5""(6'10"" wingspan)",181 lbs,53rd|UTA,54th,22.24 yrs,"Mar 26, 2003",USA,"Omaha, NE",Millard North High SchoolMillard North HS,#16 |2021,"2P% (1 pluses), Wingspan Ratio (1 pluses)","3P% (3 minuses), Draft Age (3 minuses), Off. Win Shares (2 minuses), Off. Rebounds (2 minuses), Win Shares (2 minuses), Off. Rating (1 minuses), Off. BPM (1 minuses), Def. Rating (1 minuses), PER (1 minuses), EFG% (1 minuses), Proj NBA 3P% (1 minuses), TS% (1 minuses), BPM (1 minuses)","37.5""",10.99,2.94,3.22,"8'4""","6'10""",32,35.9,6.6-14.4,0.457,1.3-4.8,0.277,3.7-4.6,0.804,5.1,2.8,0.5,1.2,2.4,2.3,18.3,32,36.0,6.6-14.5,0.457,1.3-4.9,0.277,3.7-4.6,0.804,5.1,2.8,0.5,1.2,2.4,2.3,18.3,0.549,0.503,0.335,0.32,0.353,27.7,0.65,1.15,18.8,0.066,0.066,0.132,107.6,102.5,3.2,2.4,5.6
Amari Williams,Kentucky,Senior,C,"7'0""",262 lbs,54th|IND,55th,23.39 yrs,"Jan 28, 2002",United Kingdom,"Nottingham, England",Myerscough CollegeMyerscough College,,"Assists (4 pluses), AST%/Usage (4 pluses), Def. Rebounds (4 pluses), AST/TO (3 pluses), Rebounds (3 pluses), FTA Rate (3 pluses), Def. BPM (1 pluses)","Draft Age (4 minuses), Turnovers (3 minuses), Def. Rating (3 minuses), Def. Win Shares (1 minuses), Win Shares (1 minuses), Blocks (1 minuses), Proj NBA 3P% (1 minuses), PER (1 minuses), Off. Win Shares (1 minuses)",,,,,,,36,22.8,3.8-6.8,0.561,0.0-0.1,0.25,3.2-5.1,0.623,8.5,3.2,1.2,0.6,2.3,2.2,10.9,36,36.0,6.1-10.8,0.561,0.0-0.2,0.25,5.0-8.0,0.623,13.4,5.0,1.9,0.9,3.6,3.5,17.2,0.587,0.563,0.016,0.744,0.307,24.6,1.0,1.4,24.1,0.102,0.068,0.171,114.9,101.5,5.2,4.7,9.9
Micah Peavy,Georgetown,Senior,SG/SF,"6'7.5""(6'7.25"" wingspan)",212 lbs,57th|ORL,56th,23.93 yrs,"Jul 16, 2001",USA,"Cibolo, TX",Duncanville High SchoolDuncanville HS,#36 |2020,"Steals (3 pluses), Off. Rebounds (1 pluses), FG% (1 pluses), Assists (1 pluses), AST%/Usage (1 pluses), 3P% (1 pluses), Def. BPM (1 pluses)","Draft Age (4 minuses), Wingspan Ratio (3 minuses), FT% (3 minuses), FTA Rate (2 minuses), Proj NBA 3P% (2 minuses), Off. Win Shares (2 minuses), Fouls (2 minuses), Win Shares (1 minuses), Off. BPM (1 minuses), Off. Rating (1 minuses)","35.5""",10.9,3.06,3.13,"8'5""","6'7.25""",32,37.0,6.8-14.2,0.481,1.6-4.1,0.4,1.9-2.8,0.659,5.8,3.6,0.5,2.3,2.6,2.9,17.2,32,36.0,6.7-13.8,0.481,1.6-4.0,0.4,1.8-2.8,0.659,5.6,3.5,0.5,2.3,2.5,2.9,16.7,0.552,0.538,0.286,0.2,0.342,24.7,0.81,1.37,19.7,0.071,0.071,0.142,109.8,101.1,3.1,3.2,6.3
RJ Luis Jr.,St. John's,Junior,SF,"6'7""(6'10.5"" wingspan)",210 lbs,56th|MEM,57th,22.56 yrs,"Nov 27, 2002",USA,"Miami, FL",Mt. Zion PrepMt. Zion Prep,,"Def. Win Shares (2 pluses), Points (2 pluses), Def. Rating (1 pluses), Def. BPM (1 pluses), Off. Rebounds (1 pluses), Steals (1 pluses), Rebounds (1 pluses)","Draft Age (3 minuses), EFG% (2 minuses), TS% (1 minuses), 2P% (1 minuses), FG% (1 minuses), AST%/Usage (1 minuses)","38.0""",11.24,2.98,3.13,"8'7.5""","6'10.5""",35,31.8,6.5-14.9,0.439,1.3-3.9,0.336,3.8-5.1,0.747,7.2,2.0,0.6,1.4,2.2,2.2,18.2,35,36.0,7.4-16.9,0.439,1.5-4.4,0.336,4.3-5.8,0.747,8.1,2.3,0.6,1.6,2.5,2.5,20.6,0.525,0.483,0.262,0.341,0.35,28.9,0.43,0.93,21.3,0.09,0.101,0.19,111.4,92.8,4.7,4.0,8.6
Brice Williams,Nebraska,Senior,SG,"6'6.5""(6'10.75"" wingspan)",206 lbs,59th|HOU,58th,23.96 yrs,"Jul 5, 2001",USA,"Huntersville, NC",Hopewell High SchoolHopewell HS,,"FT% (2 pluses), Points (2 pluses), FTA Rate (2 pluses), TS% (1 pluses), Fouls (1 pluses), Proj NBA 3P% (1 pluses), 2P% (1 pluses), Off. BPM (1 pluses)","Draft Age (4 minuses), Def. Rating (3 minuses), Off. Rebounds (2 minuses), Rebounds (1 minuses), Def. Win Shares (1 minuses), Blocks (1 minuses)","32.5""",11.19,2.98,3.2,"8'7""","6'10.75""",35,34.1,6.5-13.8,0.471,1.9-5.3,0.37,5.4-6.1,0.883,4.1,2.9,0.3,1.1,2.4,1.8,20.4,35,36.0,6.9-14.6,0.471,2.1-5.6,0.37,5.7-6.5,0.883,4.3,3.0,0.3,1.1,2.5,1.9,21.5,0.609,0.541,0.38,0.442,0.379,28.7,0.63,1.2,22.4,0.124,0.05,0.171,118.5,107.5,6.2,1.8,8.0
Brooks Barnhizer,Northwestern,Senior,SF,"6'6""",215 lbs,,59th,23.30 yrs,"Mar 2, 2002",USA,"South Bend, IN",Jefferson High SchoolJefferson HS,,"Steals (3 pluses), Assists (3 pluses), Def. BPM (2 pluses), Fouls (2 pluses), Def. Rebounds (2 pluses), AST%/Usage (2 pluses), AST/TO (1 pluses), Def. Win Shares (1 pluses), Rebounds (1 pluses), BPM (1 pluses), Blocks (1 pluses)","Draft Age (4 minuses), EFG% (3 minuses), TS% (3 minuses), Off. Win Shares (2 minuses), 3P% (2 minuses), FG% (2 minuses), Off. Rating (2 minuses), 2P% (2 minuses), Win Shares (1 minuses), Turnovers (1 minuses), Proj NBA 3P% (1 minuses)",,,,,,,17,36.9,6.1-14.6,0.414,1.0-3.8,0.266,4.0-5.2,0.764,8.8,4.2,1.1,2.3,2.8,1.7,17.1,17,36.0,5.9-14.3,0.414,1.0-3.7,0.266,3.9-5.1,0.764,8.6,4.1,1.1,2.2,2.7,1.7,16.7,0.5,0.448,0.257,0.357,0.341,28.1,0.85,1.53,21.6,0.051,0.089,0.14,103.8,96.2,4.8,4.9,9.7
Max Shulga,VCU,Senior,PG/SG,"6'5.5""(6'5.75"" wingspan)",206 lbs,58th|CLE,60th,22.99 yrs,"Jun 25, 2002",Ukraine,"Kyiv, Ukraine",Basketball School of ExcellenceBasketball School of Excellence,,"Off. Rebounds (4 pluses), Off. Rating (3 pluses), Rebounds (3 pluses), Def. Win Shares (3 pluses), Turnovers (2 pluses), FTA Rate (2 pluses), Win Shares (2 pluses), Def. Rating (1 pluses), Def. Rebounds (1 pluses), AST/TO (1 pluses), Def. BPM (1 pluses), TS% (1 pluses), Steals (1 pluses)","Wingspan Ratio (3 minuses), Draft Age (3 minuses), Blocks (1 minuses), Assists (1 minuses)","34.5""",11.35,3.06,3.21,"8'3""","6'5.75""",35,32.8,4.4-10.1,0.435,2.1-5.3,0.387,4.2-5.4,0.783,5.9,4.0,0.1,1.8,1.7,2.0,15.0,35,36.0,4.8-11.0,0.435,2.3-5.8,0.387,4.6-5.9,0.783,6.4,4.4,0.1,1.9,1.9,2.2,16.5,0.595,0.537,0.528,0.537,0.369,21.9,1.05,2.36,23.2,0.15,0.094,0.244,130.4,94.8,5.8,3.6,9.4
Izan Almansa,Perth (NBL),International,PF,"6'10.5""(7'1.75"" wingspan)",220 lbs,,61st,20.04 yrs,"Jun 7, 2005",Spain,"Murcia, Spain",,,"Turnovers (3 pluses), AST/TO (3 pluses)","Def. Rating (4 minuses), PER (3 minuses), FT% (2 minuses), Blocks (2 minuses), Proj NBA 3P% (2 minuses), TS% (1 minuses), FTA Rate (1 minuses), Fouls (1 minuses), Def. Rebounds (1 minuses), Points (1 minuses)","34.0""",11.46,2.93,3.33,"9'1.5""","7'1.75""",36,16.1,2.9-5.6,0.52,0.2-0.6,0.304,1.1-1.9,0.586,4.0,0.8,0.3,0.4,0.6,1.7,7.2,36,36.0,6.5-12.6,0.52,0.4-1.4,0.304,2.5-4.4,0.586,9.0,1.7,0.7,0.9,1.2,3.7,16.0,0.548,0.537,0.114,0.347,0.308,18.1,0.39,1.4,16.1,,,,119.4,116.6,,,
Tamar Bates,Missouri,Senior,SG,"6'5""(6'10.25"" wingspan)",191 lbs,,62nd,22.33 yrs,"Feb 21, 2003",USA,"Kansas City, KS",IMG AcademyIMG Academy,#25 |2021,"FT% (4 pluses), 2P% (3 pluses), TS% (3 pluses), FG% (2 pluses), Off. Rating (2 pluses), EFG% (2 pluses), Proj NBA 3P% (2 pluses), Wingspan Ratio (1 pluses), Steals (1 pluses), Turnovers (1 pluses)","Def. Rating (3 minuses), Assists (3 minuses), Draft Age (3 minuses), AST%/Usage (2 minuses), Def. Rebounds (2 minuses), AST/TO (2 minuses), Def. Win Shares (2 minuses), Rebounds (2 minuses), Blocks (1 minuses)","33.5""",10.75,2.99,3.26,"8'7""","6'10.25""",34,26.0,4.6-9.0,0.508,1.5-3.9,0.397,2.6-2.7,0.946,2.6,1.0,0.1,1.3,1.3,1.8,13.3,34,36.0,6.4-12.5,0.508,2.1-5.3,0.397,3.5-3.8,0.946,3.6,1.4,0.2,1.8,1.8,2.4,18.4,0.643,0.593,0.427,0.3,0.389,22.1,0.34,0.77,20.4,0.122,0.041,0.168,126.9,109.0,5.8,2.0,7.8
Viktor Lakhin,Clemson,Senior,C,"6'11""",245 lbs,,63rd,23.89 yrs,"Jul 30, 2001",Russia,"Anapa, Russia",,,"Steals (3 pluses), Assists (2 pluses), Proj NBA 3P% (2 pluses), AST/TO (2 pluses), 3P% (1 pluses), AST%/Usage (1 pluses)","Draft Age (4 minuses), FTA Rate (2 minuses), FG% (2 minuses), Fouls (1 minuses), TS% (1 minuses), 2P% (1 minuses), EFG% (1 minuses), Def. Rebounds (1 minuses), Rebounds (1 minuses)",,,,,,,34,23.6,4.4-8.7,0.507,0.7-1.9,0.375,1.9-2.7,0.696,6.4,1.5,1.5,1.0,1.5,2.9,11.4,34,36.0,6.7-13.3,0.507,1.1-2.9,0.375,2.9-4.1,0.696,9.7,2.3,2.2,1.6,2.3,4.3,17.4,0.571,0.547,0.216,0.311,0.337,25.7,0.52,1.0,25.1,0.11,0.1,0.209,117.1,93.4,4.4,4.4,8.8
Will Richard,Florida,Senior,SG,"6'4""",206 lbs,,64th,22.49 yrs,"Dec 24, 2002",USA,"Fairburn, GA",Woodward AcademyWoodward Academy,,"2P% (4 pluses), Def. BPM (3 pluses), Off. Rating (2 pluses), EFG% (2 pluses), TS% (2 pluses), Steals (1 pluses), FT% (1 pluses), FG% (1 pluses), Turnovers (1 pluses), BPM (1 pluses), Proj NBA 3P% (1 pluses), Def. Win Shares (1 pluses)","Draft Age (3 minuses), FTA Rate (1 minuses), Points (1 minuses), PER (1 minuses), Assists (1 minuses)",,,,,,,40,31.6,4.6-9.5,0.487,2.0-5.6,0.359,2.0-2.4,0.844,4.6,1.9,0.3,1.7,1.6,2.3,13.3,40,36.0,5.3-10.8,0.487,2.3-6.3,0.359,2.3-2.7,0.844,5.2,2.1,0.4,1.9,1.8,2.6,15.1,0.624,0.592,0.587,0.253,0.377,18.3,0.54,1.19,18.3,0.104,0.076,0.18,126.8,100.3,4.9,4.7,9.6
Grant Nelson,Alabama,Senior,PF,"6'11.25""(7'0"" wingspan)",230 lbs,,65th,23.26 yrs,"Mar 18, 2002",USA,"Devils Lake, ND",Devils Lake High SchoolDevils Lake HS,,"2P% (2 pluses), Def. Rebounds (1 pluses), Assists (1 pluses), Def. BPM (1 pluses)","Draft Age (4 minuses), Def. Rating (3 minuses), PER (2 minuses), Wingspan Ratio (2 minuses), Win Shares (2 minuses), Def. Win Shares (2 minuses), Steals (2 minuses), Off. Win Shares (1 minuses), Fouls (1 minuses), Off. Rebounds (1 minuses), Off. BPM (1 minuses), 3P% (1 minuses)","30.0""",10.51,2.58,3.23,"9'1""","7'0""",37,25.4,4.2-8.0,0.522,0.6-2.5,0.258,2.5-3.7,0.667,7.6,1.6,1.2,0.5,1.8,2.6,11.5,37,36.0,5.9-11.3,0.522,0.9-3.6,0.258,3.5-5.3,0.667,10.7,2.3,1.7,0.7,2.6,3.8,16.3,0.588,0.563,0.315,0.468,0.326,20.7,0.5,0.88,18.5,0.081,0.06,0.141,115.3,104.3,3.5,3.9,7.4
Chucky Hepburn,Louisville,Senior,PG,"6'2""",190 lbs,,66th,22.36 yrs,"Feb 9, 2003",USA,"Omaha, NE",Bellevue West High SchoolBellevue West HS,,"Steals (3 pluses), Def. BPM (2 pluses), FTA Rate (1 pluses), 2P% (1 pluses), FT% (1 pluses), Def. Win Shares (1 pluses), AST%/Usage (1 pluses)","Draft Age (3 minuses), Fouls (2 minuses), Blocks (1 minuses), 3P% (1 minuses), Rebounds (1 minuses), Def. Rebounds (1 minuses), Off. Rebounds (1 minuses), FG% (1 minuses)",,,,,,,34,34.8,4.9-11.3,0.432,1.9-5.6,0.328,4.8-5.6,0.844,3.5,5.8,0.1,2.4,3.0,2.7,16.4,34,36.0,5.0-11.7,0.432,1.9-5.8,0.328,4.9-5.8,0.844,3.6,6.0,0.1,2.5,3.1,2.8,16.9,0.586,0.514,0.5,0.5,0.37,24.4,1.28,1.92,20.9,0.111,0.078,0.193,118.2,99.5,4.5,4.8,9.3
Mark Sears,Alabama,Senior,PG,"6'0""(6'2"" wingspan)",183 lbs,,67th,23.33 yrs,"Feb 19, 2002",USA,"Muscle Shoals, AL",Hargrave Military AcademyHargrave Military Academy,,"Proj NBA 3P% (2 pluses), Fouls (1 pluses), FT% (1 pluses), FTA Rate (1 pluses), Points (1 pluses)","Def. Rating (4 minuses), Draft Age (4 minuses), Def. Win Shares (2 minuses), FG% (2 minuses), Steals (2 minuses), Rebounds (2 minuses), Def. Rebounds (1 minuses), Blocks (1 minuses), PER (1 minuses), Off. Rebounds (1 minuses), Win Shares (1 minuses), Def. BPM (1 minuses), Wingspan Ratio (1 minuses), EFG% (1 minuses), 2P% (1 minuses)","37.5""",10.96,3.25,3.28,"7'8.5""","6'2""",37,32.3,5.4-13.4,0.403,2.4-7.1,0.345,5.4-6.4,0.844,2.9,5.1,0.1,0.9,2.7,1.5,18.6,37,36.0,6.0-15.0,0.403,2.7-7.9,0.345,6.0-7.1,0.844,3.3,5.7,0.1,1.0,3.0,1.7,20.8,0.567,0.494,0.526,0.478,0.384,26.9,0.98,1.92,18.9,0.124,0.03,0.154,119.4,112.3,6.0,1.2,7.1
Dink Pate,Mexico City,G League,SF,"6'7.5""(6'9.75"" wingspan)",201 lbs,,68th,19.28 yrs,"Mar 10, 2006",USA,"Dallas, TX",L.G. Pinkston High SchoolL.G. Pinkston HS,#30 |2023,"Draft Age (3 pluses), Def. Rebounds (1 pluses)","Off. Win Shares (4 minuses), Win Shares (4 minuses), PER (4 minuses), FT% (4 minuses), FTA Rate (3 minuses), Blocks (3 minuses), TS% (3 minuses), Off. Rebounds (3 minuses), EFG% (3 minuses), Proj NBA 3P% (3 minuses), 3P% (2 minuses), FG% (2 minuses), Def. Win Shares (2 minuses), Steals (2 minuses), Points (2 minuses), Wingspan Ratio (1 minuses), 2P% (1 minuses)","32.5""",10.63,2.97,3.29,"8'8""","6'9.75""",34,26.9,4.0-9.8,0.407,0.9-3.5,0.258,0.7-1.3,0.581,5.2,1.9,0.1,0.6,1.7,2.0,10.1,34,36.0,5.3-13.1,0.407,1.2-4.7,0.258,1.0-1.7,0.581,6.9,2.5,0.1,0.8,2.3,2.7,13.5,0.485,0.453,0.361,0.13,0.32,20.4,0.52,1.09,8.1,-0.083,0.048,-0.031,,,,,
Payton Sandfort,Iowa,Senior,SF,"6'7.5""(6'8"" wingspan)",212 lbs,,69th,22.94 yrs,"Jul 12, 2002",USA,"Wuakee, IA",Waukee High SchoolWaukee HS,,"FT% (3 pluses), Proj NBA 3P% (3 pluses), AST/TO (2 pluses), Assists (1 pluses), Points (1 pluses)","Def. Rating (4 minuses), Def. Win Shares (3 minuses), Def. BPM (3 minuses), Draft Age (3 minuses), Wingspan Ratio (2 minuses), FG% (2 minuses), Win Shares (2 minuses), BPM (2 minuses), FTA Rate (2 minuses), Off. Rebounds (1 minuses), PER (1 minuses), Steals (1 minuses), EFG% (1 minuses), Fouls (1 minuses), Off. Win Shares (1 minuses), 2P% (1 minuses), TS% (1 minuses)","28.0""",11.57,2.84,3.43,"8'8""","6'8""",33,31.9,5.6-13.8,0.407,2.5-7.5,0.34,3.0-3.3,0.891,6.0,2.9,0.7,0.8,1.8,2.6,16.7,33,36.0,6.3-15.5,0.407,2.9-8.4,0.34,3.3-3.8,0.891,6.8,3.2,0.8,0.9,2.0,3.0,18.9,0.545,0.5,0.544,0.242,0.393,26.9,0.57,1.61,18.5,0.08,0.034,0.114,111.0,111.8,4.2,0.2,4.4
Kobe Johnson,UCLA,Senior,SG,"6'6""",200 lbs,,70th,22.43 yrs,"Jan 15, 2003",USA,"Milwaukee, WI",Nicolet High SchoolNicolet HS,,"AST%/Usage (3 pluses), Def. BPM (3 pluses), Off. Rebounds (3 pluses), AST/TO (2 pluses), 2P% (2 pluses), Rebounds (2 pluses), Steals (2 pluses), Def. Win Shares (2 pluses), Assists (1 pluses), Def. Rebounds (1 pluses), Turnovers (1 pluses), EFG% (1 pluses)","Points (4 minuses), Fouls (4 minuses), Draft Age (3 minuses), PER (2 minuses), Proj NBA 3P% (2 minuses), Off. Win Shares (1 minuses), FT% (1 minuses), FTA Rate (1 minuses), Off. BPM (1 minuses), Blocks (1 minuses)",,,,,,,34,29.0,2.9-6.1,0.464,1.1-3.1,0.362,1.1-1.6,0.704,5.9,2.9,0.3,1.6,1.5,2.9,7.9,34,36.0,3.5-7.6,0.464,1.4-3.8,0.362,1.4-2.0,0.704,7.4,3.7,0.3,2.0,1.8,3.5,9.9,0.575,0.555,0.502,0.258,0.343,15.0,1.19,2.0,16.4,0.073,0.085,0.158,118.0,96.9,3.3,5.0,8.3
Jaxson Robinson,Kentucky,Senior,SG,"6'6""(6'11.25"" wingspan)",189 lbs,,71st,22.55 yrs,"Dec 3, 2002",USA,"Ada, OK",Ada High SchoolAda HS,,"Turnovers (3 pluses), AST/TO (2 pluses), Proj NBA 3P% (1 pluses), Wingspan Ratio (1 pluses), 2P% (1 pluses)","Def. Rating (4 minuses), FTA Rate (3 minuses), Def. Win Shares (3 minuses), Draft Age (3 minuses), Steals (2 minuses), Win Shares (2 minuses), PER (2 minuses), Def. BPM (2 minuses), Off. Win Shares (1 minuses), AST%/Usage (1 minuses), Rebounds (1 minuses), Assists (1 minuses), Off. Rebounds (1 minuses), FG% (1 minuses), BPM (1 minuses), Def. Rebounds (1 minuses)","34.0""",11.39,3.06,3.17,"8'7""","6'11.25""",24,28.1,4.6-10.7,0.432,2.6-6.9,0.376,1.2-1.6,0.763,3.5,1.7,0.5,0.6,0.9,1.9,13.0,24,36.0,5.9-13.7,0.432,3.3-8.8,0.376,1.5-2.0,0.763,4.5,2.2,0.6,0.7,1.2,2.4,16.7,0.569,0.553,0.642,0.148,0.383,21.4,0.5,1.86,16.1,0.083,0.036,0.119,116.7,111.6,4.6,0.9,5.5
Kadary Richmond,St. John's,Senior,PG/SG,"6'5""",180 lbs,,72nd,23.82 yrs,"Aug 25, 2001",USA,"Brooklyn, NY",Brewster AcademyBrewster Academy,#91 |2020,"Def. BPM (4 pluses), Def. Win Shares (4 pluses), Rebounds (4 pluses), Blocks (4 pluses), Def. Rebounds (3 pluses), Def. Rating (3 pluses), Off. Rebounds (3 pluses), AST/TO (2 pluses), Steals (2 pluses), FG% (1 pluses), AST%/Usage (1 pluses), Turnovers (1 pluses), BPM (1 pluses), 2P% (1 pluses)","3P% (4 minuses), Proj NBA 3P% (4 minuses), FT% (4 minuses), Draft Age (4 minuses), TS% (3 minuses), Off. Win Shares (2 minuses), Points (2 minuses), Off. BPM (2 minuses), FTA Rate (1 minuses), Off. Rating (1 minuses), PER (1 minuses), EFG% (1 minuses)",,,,,,,36,32.3,5.3-10.9,0.487,0.2-1.1,0.175,1.6-3.1,0.536,6.4,5.3,0.9,2.0,2.0,2.0,12.4,36,36.0,5.9-12.1,0.487,0.2-1.2,0.175,1.8-3.4,0.536,7.1,5.9,1.0,2.2,2.2,2.2,13.9,0.504,0.496,0.102,0.281,0.292,20.9,1.41,2.69,20.3,0.069,0.113,0.182,111.0,90.1,3.2,6.9,10.1
Caleb Love,Arizona,Senior,PG,"6'4""",195 lbs,,73rd,23.73 yrs,"Sep 27, 2001",USA,"St. Louis, MO",Christian Brothers College High SchoolChristian Brothers College HS,#18 |2020,"Fouls (3 pluses), FT% (3 pluses), Proj NBA 3P% (3 pluses), Turnovers (2 pluses), Def. Rebounds (1 pluses)","Draft Age (4 minuses), FG% (3 minuses), AST%/Usage (2 minuses), Def. Rating (2 minuses), Off. Rebounds (2 minuses), FTA Rate (2 minuses), PER (2 minuses), Win Shares (2 minuses), Assists (2 minuses), Off. Win Shares (1 minuses), TS% (1 minuses), EFG% (1 minuses), Steals (1 minuses), 2P% (1 minuses), 3P% (1 minuses)",,,,,,,37,34.1,5.8-14.5,0.398,2.6-7.8,0.34,3.0-3.4,0.889,4.4,3.4,0.3,1.2,1.9,1.2,17.2,37,36.0,6.1-15.4,0.398,2.8-8.2,0.34,3.2-3.6,0.889,4.7,3.6,0.3,1.2,2.1,1.3,18.2,0.534,0.489,0.535,0.234,0.391,25.8,0.71,1.76,17.7,0.089,0.051,0.14,114.4,107.3,5.3,2.1,7.5
Arthur Kaluma,Texas,Senior,PF,"6'7.25""(7'0.5"" wingspan)",222 lbs,,74th,23.30 yrs,"Mar 1, 2002",USA,"Glendale, AZ",Dream City ChristianDream City Christian,#48 |2021,"AST/TO (1 pluses), FT% (1 pluses), Proj NBA 3P% (1 pluses), Wingspan Ratio (1 pluses), Turnovers (1 pluses), AST%/Usage (1 pluses), Assists (1 pluses), Fouls (1 pluses)","Draft Age (4 minuses), Def. Rating (2 minuses), Off. Rebounds (2 minuses), PER (2 minuses), FG% (2 minuses), Win Shares (2 minuses), 2P% (1 minuses), Def. Win Shares (1 minuses), Points (1 minuses), EFG% (1 minuses), Off. Win Shares (1 minuses), Blocks (1 minuses)",,,,,,,33,29.3,4.3-9.2,0.462,1.0-2.8,0.359,2.8-3.5,0.784,7.5,1.8,0.9,0.9,1.6,2.1,12.3,33,36.0,5.3-11.4,0.462,1.2-3.4,0.359,3.4-4.3,0.784,9.2,2.2,1.1,1.2,1.9,2.6,15.1,0.564,0.516,0.302,0.38,0.351,21.8,0.54,1.15,20.0,0.087,0.066,0.153,115.5,102.2,4.5,3.1,7.6
